title,type,url,language,availability,quality,description,notebooklm_ok,category,tags
"Sacred Texts — Western Esoteric","Website","https://sacred-texts.com/eso/index.htm","EN","Free","5","Архив западных эзотерических текстов","Yes","Western Esotericism","#esoterica #archive"
"Esoteric Library","Website","https://esotericlibrary.org/","EN","Free","5","Крупная библиотека эзотерических книг","Yes","Libraries","#books #library"
"Online Hermetic Library","Website","https://www.hermetics.org/library/Library_Ancient.html","EN","Free","4","Древние и эзотерические тексты","Yes","Hermeticism","#hermeticism"
"Accessing Akashic Records - YouTube","YouTube","https://www.youtube.com/watch?v=SY_EQO-i2kY","EN","Free","3","Видео о работе с Хрониками Акаши","Yes","Akashic","#akashic #youtube"
"Akashic Records - Tarot Forums","Forum","https://forum.thetarot.guru/t/what-are-the-akashic-records/760","EN","Free","4","Форумное обсуждение Хроник Акаши","Yes","Akashic","#forum #akashic"
"How to Access Akashic Records","Forum","https://forum.thetarot.guru/t/how-to-access-the-akashic-records/771","EN","Free","4","Практическая ветка","Yes","Akashic","#practice"
"Biddy Tarot Community","Website","https://www.biddytarot.com/community/join","EN","Freemium","5","Известное сообщество по Таро","Yes","Tarot","#tarot #community"
"Taschen Library of Esoterica: Tarot","YouTube","https://www.youtube.com/watch?v=YTLHybpMJAk","EN","Free","4","Обзор книги о Таро","Yes","Tarot","#tarot #books"
"Terra Infinita — Archive.org","Website","https://archive.org/details/terra-infinita-extraterrestrial-worlds-and-their-civilizations","EN","Free","4","Архивная публикация","Yes","Terra Infinita","#terra-infinita"
"Terra Infinita: Episode 03","YouTube","https://www.youtube.com/watch?v=_TEru2V_qnA","EN","Free","3","Видеорассказ о Terra Infinita","Yes","Terra Infinita","#youtube"
"Academic study of esotericism — Wikipedia RU","Article","https://ru.wikipedia.org/wiki/Академическое_исследование_эзотеризма","RU","Free","3","Вводная статья","Yes","Academic","#academia"
"Esotericism — Wikipedia RU","Article","https://ru.wikipedia.org/wiki/Эзотеризм","RU","Free","3","Обзор термина","Yes","Academic","#overview"
"Истоки Оккультизма — Theosophical Society","PDF","https://www.theosociety.org/pasadena/fso-ru/FSO-ru_eBook.pdf","RU","Free","4","Теософский PDF","Yes","Theosophy","#theosophy"
"Theosophical Society resources","Website","https://www.theosociety.org/","EN","Free","4","Официальные материалы","Yes","Theosophy","#theosophy"
"Blavatsky Study Center","Website","https://www.blavatsky.net/","EN","Free","4","Материалы по Блаватской","Yes","Theosophy","#blavatsky"
"Annie Besant texts","Website","https://www.theosociety.org/pasadena/arc_besant/arc_besant.htm","EN","Free","4","Архив текстов Безант","Yes","Theosophy","#besant"
"C.W. Leadbeater archive","Website","https://www.theosociety.org/pasadena/arc_leadbeater/arc_leadbeater.htm","EN","Free","4","Архив текстов Ледбитера","Yes","Theosophy","#leadbeater"
"Rudolf Steiner Archive","Website","https://rsarchive.org/","EN","Free","5","Крупный архив Штайнера","Yes","Anthroposophy","#steiner"
"Anthroposophy Research Center","Website","https://www.anthroposophy.org/","EN","Free","3","Официальный центр","Yes","Anthroposophy","#anthroposophy"
"ESOTERICA YouTube","YouTube","https://www.youtube.com/@TheEsotericaChannel","EN","Free","5","Академический канал","Yes","YouTube","#esoterica"
"Angela's Symposium YouTube","YouTube","https://www.youtube.com/@AngelasSymposium","EN","Free","5","Академические видео","Yes","YouTube","#mysticism"
"Sacred Texts — Hinduism","Website","https://www.sacred-texts.com/hin/index.htm","EN","Free","5","Индийские тексты","Yes","Sacred Texts","#hinduism"
"Sacred Texts — Buddhism","Website","https://www.sacred-texts.com/bud/index.htm","EN","Free","4","Буддийские тексты","Yes","Sacred Texts","#buddhism"
"Sacred Texts — Taoism","Website","https://www.sacred-texts.com/tao/index.htm","EN","Free","5","Даосские тексты","Yes","Sacred Texts","#taoism"
"Sacred Texts — Gnosticism","Website","https://www.sacred-texts.com/gnostic/","EN","Free","5","Гностические тексты","Yes","Gnosticism","#gnostic"
"Sacred Texts — Kabbalah","Website","https://www.sacred-texts.com/jud/index.htm","EN","Free","5","Каббалистические тексты","Yes","Kabbalah","#kabbalah"
"Sacred Texts — Christianity","Website","https://www.sacred-texts.com/chr/index.htm","EN","Free","4","Христианские тексты","Yes","Sacred Texts","#christianity"
"Sacred Texts — Islam","Website","https://www.sacred-texts.com/isl/index.htm","EN","Free","4","Исламские тексты","Yes","Sacred Texts","#islam"
"Sacred Texts — Hermetic","Website","https://sacred-texts.com/eso/","EN","Free","5","Герметизм и алхимия","Yes","Hermeticism","#hermeticism"
"Project Gutenberg","Website","https://www.gutenberg.org/","EN","Free","5","Классические тексты","Yes","Libraries","#gutenberg"
"Internet Archive","Website","https://archive.org/","EN","Free","5","Крупный архив","Yes","Libraries","#archive"
"Occult Library","Website","https://www.occultlibrary.org/","EN","Free","5","Оккультная библиотека","Yes","Libraries","#occult"
"Reddit r/occult","Forum","https://www.reddit.com/r/occult/","EN","Free","3","Сообщество по оккультизму","Yes","Communities","#reddit"
"Reddit r/tarot","Forum","https://www.reddit.com/r/tarot/","EN","Free","3","Сообщество тарологов","Yes","Tarot","#reddit"
"Reddit r/MandelaEffect","Forum","https://www.reddit.com/r/MandelaEffect/","EN","Free","4","Большое сообщество","Yes","Mandela","#reddit"
"Reddit r/transurfing","Forum","https://www.reddit.com/r/transurfing/","EN","Free","3","Сообщество","Yes","Transurfing","#reddit"
"Wizard Forums","Forum","https://wizardforums.com/","EN","Free","4","Форум по магии","Yes","Communities","#wizard"
"The Tarot Forums","Forum","https://forum.thetarot.guru/","EN","Free","4","Специализированный форум","Yes","Tarot","#tarot"
"Transurfing.ru","Website","https://transurfing.ru/","RU","Free","5","Официальный сайт Зеланда","Yes","Transurfing","#zeland"
"Vadim Zeland — LitRes","Website","https://www.litres.ru/author/vadim-zeland-4555/","RU","Freemium","4","Книги Зеланда","Yes","Transurfing","#books"
"Vadim Zeland YouTube","YouTube","https://www.youtube.com/@vadimzeland","RU","Free","4","Официальный канал","Yes","Transurfing","#youtube"
"VK Transurfing","Community","https://vk.com/transurfing","RU","Free","3","Русскоязычное сообщество","Yes","Transurfing","#vk"
"Mandela Effect — official","Website","https://www.mandelaeffect.com/","EN","Free","5","Официальный сайт Брум","Yes","Mandela","#mandela"
"Mandela Effect Forum","Forum","https://www.mandelaeffect.org/forum/","EN","Free","4","Специализированный форум","Yes","Mandela","#forum"
"Mandela Effect Examples","Website","https://www.mandelaeffectexamples.com/","EN","Free","4","База примеров","Yes","Mandela","#examples"
"Britannica — mysticism","Article","https://www.britannica.com/topic/mysticism","EN","Free","4","Справочная статья","Yes","Academic","#britannica"
"Britannica — kabbalah","Article","https://www.britannica.com/topic/Kabbala","EN","Free","4","Справка","Yes","Kabbalah","#britannica"
"Britannica — alchemy","Article","https://www.britannica.com/topic/alchemy","EN","Free","4","Вводная статья","Yes","Alchemy","#britannica"
"Britannica — gnosticism","Article","https://www.britannica.com/topic/Gnosticism","EN","Free","4","Обзор","Yes","Gnosticism","#britannica"
"Britannica — hermeticism","Article","https://www.britannica.com/topic/Hermeticism","EN","Free","4","Обзор","Yes","Hermeticism","#britannica"
"Britannica — theosophy","Article","https://www.britannica.com/topic/Theosophy","EN","Free","4","Справка","Yes","Theosophy","#britannica"
"Britannica — anthroposophy","Article","https://www.britannica.com/topic/Anthroposophy","EN","Free","4","Справка","Yes","Anthroposophy","#britannica"
"Quran.com","Website","https://quran.com/","EN","Free","5","Коран с переводами","Yes","Sacred Texts","#quran"
"Bible Gateway","Website","https://www.biblegateway.com/","EN","Freemium","5","Множество переводов","Yes","Sacred Texts","#bible"
"Russian Bible Society","Website","https://www.bible.ru/","RU","Free","4","Русские переводы","Yes","Sacred Texts","#bible"
"Internet Encyclopedia of Philosophy — mysticism","Article","https://iep.utm.edu/mysticis/","EN","Free","4","Философская статья","Yes","Academic","#iep"
"Wikipedia — Akashic records","Article","https://en.wikipedia.org/wiki/Akashic_records","EN","Free","3","Общий обзор","Yes","Akashic","#wikipedia"
"Wikipedia — Tarot","Article","https://en.wikipedia.org/wiki/Tarot","EN","Free","3","Общий обзор","Yes","Tarot","#wikipedia"
"Wikipedia — Western esotericism","Article","https://en.wikipedia.org/wiki/Western_esotericism","EN","Free","3","Общий обзор","Yes","Academic","#wikipedia"
"Wikipedia — Hermeticism","Article","https://en.wikipedia.org/wiki/Hermeticism","EN","Free","3","Обзор","Yes","Hermeticism","#wikipedia"
"Wikipedia — Gnosticism","Article","https://en.wikipedia.org/wiki/Gnosticism","EN","Free","3","Обзор","Yes","Gnosticism","#wikipedia"
"Wikipedia — Kabbalah","Article","https://en.wikipedia.org/wiki/Kabbalah","EN","Free","3","Обзор","Yes","Kabbalah","#wikipedia"
"Wikipedia — Theosophy","Article","https://en.wikipedia.org/wiki/Theosophy","EN","Free","3","Обзор","Yes","Theosophy","#wikipedia"
"Wikipedia — Anthroposophy","Article","https://en.wikipedia.org/wiki/Anthroposophy","EN","Free","3","Обзор","Yes","Anthroposophy","#wikipedia"
"Wikipedia — Alchemy","Article","https://en.wikipedia.org/wiki/Alchemy","EN","Free","3","Обзор","Yes","Alchemy","#wikipedia"
"Pikabu — Mandela Effect","Website","https://pikabu.ru/tag/Эффект%20Манделы","RU","Free","3","Русскоязычные обсуждения","Yes","Mandela","#pikabu"
"Skeptical Inquirer","Website","https://skepticalinquirer.org/","EN","Free","4","Критический взгляд","Yes","Mandela","#skeptic"
"Medium — transurfing","Website","https://medium.com/tag/transurfing","EN","Free","3","Статьи","Yes","Transurfing","#medium"
"Medium — mandela-effect","Website","https://medium.com/tag/mandela-effect","EN","Free","3","Статьи","Yes","Mandela","#medium"
"Quora — Reality Transurfing","Website","https://www.quora.com/topic/Reality-Transurfing","EN","Free","2","Вопросы и ответы","Yes","Transurfing","#quora"
"Quora — Mandela Effect","Website","https://www.quora.com/topic/Mandela-Effect","EN","Free","2","Вопросы и ответы","Yes","Mandela","#quora"
"Archive.org — occult search","Website","https://archive.org/search?query=occult","EN","Free","4","Поиск по оккультным книгам","Yes","Libraries","#archive"
"Archive.org — tarot search","Website","https://archive.org/search?query=tarot","EN","Free","4","Поиск по Таро","Yes","Tarot","#archive"
"Archive.org — akashic search","Website","https://archive.org/search?query=akashic+records","EN","Free","4","Поиск по Акаше","Yes","Akashic","#archive"
"Archive.org — mysticism search","Website","https://archive.org/search?query=mysticism","EN","Free","4","Поиск по мистицизму","Yes","Academic","#archive"
"Google Scholar","Website","https://scholar.google.com/","EN","Free","4","Академический поиск","Yes","Academic","#scholar"
"Google Books","Website","https://books.google.com/","EN","Freemium","4","Preview книг","Yes","Libraries","#books"
"Open Library","Website","https://openlibrary.org/","EN","Free","4","Каталог книг","Yes","Libraries","#library"
"VK — Esoterica, Religions","Community","https://vk.com/esoterical/mysticism","RU","Free","3","Русскоязычное сообщество","Yes","Communities","#vk"
"NYPL — divination","Website","https://www.nypl.org/","EN","Free","4","Коллекции NYPL","Yes","Libraries","#nypl"
"Library of Congress","Website","https://www.loc.gov/collections/","EN","Free","4","Коллекции LC","Yes","Libraries","#loc"
"Blue Letter Bible","Website","https://www.blueletterbible.org/","EN","Free","4","Библейский сайт","Yes","Sacred Texts","#bible"
"Tafsir Ibn Kathir","Website","https://quran.com/tafsir","EN","Free","4","Тафсир","Yes","Sacred Texts","#tafsir"
"Actualized.org Forum","Forum","https://www.actualized.org/forum/forum/4-spirituality-consciousness-awakening-mysticism-meditation-god/","EN","Free","3","Форум по духовности","Yes","Communities","#spirituality"
"Meetup — esoteric","Community","https://www.meetup.com/topics/esoteric-practices/","EN","Freemium","2","Группы","Yes","Communities","#meetup"
"Parallel Universe Hub","Website","https://paralleluniversehub.com/","EN","Free","3","Параллельные реальности","Yes","Mandela","#parallel"
"Digital Occult Library","Website","https://digitaloccultlibrary.commons.gc.cuny.edu/occult-literature/","EN","Free","4","Цифровая библиотека","Yes","Libraries","#occult"
"University of Illinois — occult","Website","https://www.library.illinois.edu/rbx/research-instruction/research-guides/materials-relating-to-witchcraft-and-the-occult/","EN","Free","4","Исследовательский гид","Yes","Academic","#occult"
"University of Victoria — mysticism","Website","https://libguides.uvic.ca/religion/mysticism","EN","Free","4","Аннотированный гид","Yes","Academic","#mysticism"
"Russian Wikisource","Website","https://ru.wikisource.org/","RU","Free","4","Публичные тексты","Yes","Sacred Texts","#wikisource"
"Transurfing Forum","Forum","http://www.transurfing-forum.com/","EN","Free","3","Форум","Yes","Transurfing","#forum"
"Labirint — Zeland","Website","https://www.labirint.ru/authors/2354/","RU","Freemium","4","Книги Зеланда","Yes","Transurfing","#books"
"Britannica — astrology","Article","https://www.britannica.com/topic/astrology","EN","Free","4","Справка","Yes","Astrology","#britannica"
"Britannica — divination","Article","https://www.britannica.com/topic/divination","EN","Free","4","Обзор","Yes","Divination","#britannica"
"Internet Encyclopedia of Philosophy — alchemy","Article","https://iep.utm.edu/alchem/","EN","Free","4","Философская статья","Yes","Alchemy","#iep"
"Wikipedia — Alchemy","Article","https://en.wikipedia.org/wiki/Alchemy","EN","Free","3","Обзор","Yes","Alchemy","#wikipedia"
"Wikipedia — Astrology","Article","https://en.wikipedia.org/wiki/Astrology","EN","Free","3","Обзор","Yes","Astrology","#wikipedia"
"Archive.org — Three Books of Occult Philosophy","Website","https://archive.org/search?query=Three+Books+of+Occult+Philosophy","EN","Free","4","Агриппа","Yes","Western Esotericism","#agrippa"
"Archive.org — Manual of Occultism","Website","https://archive.org/search?query=Manual+of+Occultism","EN","Free","4","Sepharial","Yes","Western Esotericism","#sepharial"
"Archive.org — Sex and the Occult","Website","https://archive.org/search?query=Sex+and+the+Occult","EN","Free","3","Культурное исследование","Yes","Western Esotericism","#occult"
"RSArchive — GA 127","Website","https://rsarchive.org/GA127.html","EN","Free","4","Лекция Штайнера","Yes","Anthroposophy","#steiner"
"RSArchive — GA 120","Website","https://rsarchive.org/GA120.html","EN","Free","4","Лекция Штайнера","Yes","Anthroposophy","#steiner"
"RSArchive — GA 194","Website","https://rsarchive.org/GA194.html","EN","Free","4","Лекция Штайнера","Yes","Anthroposophy","#steiner"
"Fesenkova — Scientization of Esoterics","Article","https://evolkov.net/science/Fesenkova.L.Scientiz.of.esoterics.html","RU","Free","4","Критический взгляд","Yes","Academic","#critique"
"Scienceforum search","Website","https://publish2020.scienceforum.ru/ru/search/full","RU","Free","3","Поиск статей","Yes","Academic","#search"
"Curly/Curlie — Esoteric Libraries","Directory","https://curlie.org/ru/Общество/Религия_и_д_Духовные_практики/Эзотерика_и_оккультизм/Библиотеки","RU","Free","4","Каталог сайтов","Yes","Libraries","#catalog"
"NotebookLM Help — Adding sources","Help","https://support.google.com/notebooklm/answer/16215270?hl=en","RU","Free","5","Официальная справка","Yes","Workflow","#help"
